title,poster_url
Ricky Velez: Here's Everything,https://image.tmdb.org/t/p/original/528FCR2fonjEHXLQvjU1sgxyYGF.jpg
The Handmaid's Tale,https://upload.wikimedia.org/handmaids-tale-poster.jpg
Silent Night,https://image.tmdb.org/t/p/original/ysu44NypSxe4KLD1XT8sDkl5GKk.jpg
The Marksman,https://image.tmdb.org/t/p/original/6vcDalR50RWa309vBH1NLmG2rjQ.jpg
Gaia,https://image.tmdb.org/t/p/original/v8cwfPwjHDWf5s5MxvLvcfnxPLL.jpg
Settlers,https://image.tmdb.org/t/p/original/tBUYDwiJVDcnjPneOitVetJk2Rt.jpg
The Halloween Candy Magic Pet,https://coffective.com/wp-content/uploads/2018/06/default-featured-image.png.jpg
The Evil Next Door,https://image.tmdb.org/t/p/original/77pvyyjrvkNbHEjDJIK7mdhEzPj.jpg
The Next Thing You Eat,https://image.tmdb.org/t/p/original/2t3gwu4SbMGWzXahEZbawRUSAoJ.jpg
Queens,https://image.tmdb.org/t/p/original/x3yylKGhD02XlPq16ekGLRkOOMu.jpg
The Bachelorette,https://image.tmdb.org/t/p/original/eyCrTWaioPRHgQ4ZouqnN2iutYw.jpg
The Real Queens of Hip-Hop: The Women Who Changed the Game,https://coffective.com/wp-content/uploads/2018/06/default-featured-image.png.jpg
Dream Horse,https://image.tmdb.org/t/p/original/uF1mnSdf9EqDIm5XfODAHU6AcWC.jpg
Out of the Shadows: The Man Behind the Steele Dossier,https://image.tmdb.org/t/p/original/7ZZgZxc6wlULPM5QMKxgBZEEZI2.jpg
Wakefield,https://image.tmdb.org/t/p/original/1SOw7s1g429ZnbJyKxGIXalSywR.jpg


